,0,1
0,-0.00527800709167,-0.0218870334866
1,-0.0049096834927,-0.0248472142287
2,-0.00473828540405,-0.0250513250279
3,-0.00338566177599,-0.0239435290131
4,-0.00271767414659,-0.0232385495936
5,0.000289307716136,-0.0183798661168
6,0.00161299899906,-0.0157814196375
7,0.000696556372968,-0.016973692455
8,-4.0807845061e-06,-0.0186492964333
9,-0.000402473209801,-0.0199173582411
10,-0.00150096085089,-0.0239389090268
11,-0.002869634555,-0.0260240615207
12,-0.00380954317273,-0.0265297261705
13,-0.00516403945065,-0.028586794803
14,-0.00651387882818,-0.0292719672904
15,-0.00720666579938,-0.0317392240376
16,-0.00934512665537,-0.0309766202695
17,-0.0104848437679,-0.0360632831749
18,-0.0127095754376,-0.0337787469329
19,-0.0125598076895,-0.0349346203076
20,-0.0131936481256,-0.0297673275778
21,-0.0121909700258,-0.0281197220592
22,-0.0101320125742,-0.0254277682634
23,-0.00637381559904,-0.0254334165295
24,-0.000999272075818,-0.0171732827411
25,0.00274222841436,-0.0122162065496
26,0.00559455678844,-0.0102366372363
27,0.00984082125195,-0.005949236975
28,0.00962267115015,-0.00428615087213
29,0.00904505220855,-0.00780661567064
30,0.00909479380969,-0.00844965915621
31,0.0059947176878,-0.00954394662708
32,-0.000376080159396,-0.0226434632059
33,-0.00128958649158,-0.0216683802468
34,-7.74025398377e-05,-0.0228776538862
35,-0.0027367665015,-0.0252114166884
36,-0.0027564749473,-0.0274923402412
37,-0.00677285796724,-0.0310301389922
38,-0.0067552670211,-0.0292596396266
39,-0.00497363869876,-0.0286695151797
40,-0.00494939315674,-0.0275711944537
41,-0.00147398607291,-0.0234022163575
42,-0.000574036166276,-0.0201628065349
43,8.25528997621e-05,-0.0193010180016
44,0.000882208063241,-0.0208073871655
45,0.00101013198441,-0.0179315543874
46,0.00142597008424,-0.0173049334119
47,0.000121078086814,-0.0192592620525
48,5.50150422972e-05,-0.0235502032808
49,0.000135261663758,-0.0229638302243
50,-0.000553946204611,-0.0205181590537
51,0.00428508041247,-0.0137354266301
52,0.00326192070413,-0.0168837473913
53,0.00180795952267,-0.0185205158016
54,0.00463269375171,-0.0140973081991
55,0.00611482392635,-0.0111340595454
56,0.00860563350953,-0.00529958761886
57,0.010318531688,-0.00723217031058
58,0.0102001836555,-0.00552355445114
59,0.0111059773744,-0.00539368208387
60,0.00573699736086,-0.0116365896015
61,0.00377384738831,-0.0124916384998
62,0.000234565531182,-0.019246845045
63,0.00501311358427,-0.0129018630398
64,0.00823919987146,-0.00575402974455
65,0.00683074340119,-0.00902476156593
66,0.00299636741909,-0.0121796027604
67,-0.00561882123525,-0.0197230002032
68,-0.00744961270583,-0.0278678837215
69,-0.00751380982935,-0.0269385284853
70,-0.00329976499861,-0.0201417956407
71,0.00894001898353,-0.00820222432763
72,0.0103987799363,-0.005284877118
73,0.0127983197072,-0.0031999414832
74,0.0148400838235,-0.00197476431577
75,0.0186409349193,0.0013556527271
76,0.0187366905803,0.00475654539506
77,0.0159136166584,-2.96312453289e-05
78,0.015871000973,0.000406373965089
79,0.0138052482007,-0.00238438795551
80,0.0139902011232,0.000219304114972
81,0.0144188814792,-0.00206045734766
82,0.012280893205,-0.00206413292346
83,0.0133741330566,-0.00247749564094
84,0.0149297130219,-0.000671019228169
85,0.0173394853128,0.00103844329786
86,0.0177021481847,0.00455078011647
87,0.017550352291,0.00185202875949
88,0.0184549126411,0.00255698210608
89,0.00850471906826,-0.00148995249666
90,0.0184343834487,0.00526348031434
91,0.0180249313041,0.00275459491767
92,0.0209950390358,0.00674683938326
93,0.0197354836599,0.00613032027622
94,0.014127879325,0.0029282149591
95,0.0225077279897,0.00635475512033
96,0.0111063782,0.00160651595381
97,0.0133987664831,-0.000793239432015
98,0.00807536246257,-0.00566131908187
99,0.00521611673969,-0.00997396220451
100,0.00349027502557,-0.0104367762354
101,0.0011636632262,-0.0105981261583
102,0.00139467712323,-0.00946487200457
103,0.00265805202684,-0.0076331885764
104,0.00392146623877,-0.00562852617247
105,0.0059059580402,0.00215156377762
106,0.00665490105728,0.00500399003304
107,0.00751085677776,0.0073380502624
108,0.00867879075301,0.0101943865122
109,0.0100338016507,0.00658767830673
110,0.00703595916982,-0.00138786613089
111,0.00589883137058,-0.003843914421
112,0.0054313592778,-0.00619105236733
113,0.00559915803621,-0.00563940734347
114,0.00657675754513,-0.00630395578638
115,0.00756091504742,-0.00562661785618
116,0.011627576511,-0.00120093743981
117,0.0123535044398,0.000169586172996
118,0.0124919098961,-0.00160048132504
119,0.0101932844671,-0.00535641149476
120,0.00789667195528,-0.00697492020888
121,0.00799336853417,-0.00761310317384
122,0.00821231602439,-0.00612873064216
123,0.00883451495441,-0.0046910781517
124,0.010074124446,-0.00256958240458
125,0.0110796312999,-0.00266084859405
126,0.0109870685588,0.00209597387818
127,0.00911100164483,0.00142018423165
128,0.00870608565376,0.000857871553711
129,0.0101368981106,0.00352254320307
130,0.0129544797315,0.00162276061589
131,0.0153942892871,0.00479413405664
132,0.0175471202288,0.00545514634594
133,0.019592510287,0.00461527832822
134,0.0158422290771,0.0046943726438
135,0.0191741666519,0.00410958563095
136,0.0205146998494,0.00673354836161
137,0.0158091833685,0.00613014900666
138,0.0197790276162,0.00357354216638
139,0.0176447929372,0.00371150132476
140,0.0175884229842,0.00528514592659
141,0.0171995445937,0.00464095404673
142,0.014577677691,0.00380225367255
143,0.0185646877606,0.00375468679317
144,0.0141613626982,0.00315419775855
145,0.0164565893003,0.00492228646639
146,0.0186353145795,0.00524427465508
147,0.0187528412929,0.00608402572174
148,0.0204217179428,0.00465339162482
149,0.0175871419844,0.00565953133794
150,0.0229144456474,0.00774993419091
151,0.0195764279289,0.00762900661119
152,0.0202511320581,0.0058390355028
153,0.0176336739481,0.00443149338785
154,0.0012098394086,-0.00107266604546
155,0.0136925655063,0.00363565706135
156,0.0154934012676,0.004677844383
157,0.0169688218877,0.00524728028341
158,0.0187535775484,0.00370252511583
159,0.0201644535661,0.004910960694
160,0.0181256415529,0.00425251984029
161,0.0158657929308,0.00100923208432
162,0.0156420546192,0.00333885392576
163,0.0144488321011,0.000948728837299
164,0.0155190741077,0.00273094908184
165,0.017419212119,0.00360237491698
166,0.0158480281262,0.00165320862319
167,0.0154069517389,0.00183275166258
168,0.0179415143444,0.00436421538605
169,0.0146924744843,0.00218144567416
170,0.0218789384444,0.00534074884498
171,0.0197058918798,0.00157161653749
172,0.0141064192171,0.000928148871362
173,0.0135018222303,-0.00105301881762
174,0.0123255751023,0.000358747535191
175,0.00882606455006,-0.00249387336416
176,0.00916988040548,-0.00410996654068
177,0.00331375072674,-0.00864659250803
178,0.00114938199067,-0.00971911809256
179,0.00032498278564,-0.012574834925
180,-0.00101116216027,-0.0161742214648
181,-0.00241328776174,-0.0148413657813
182,0.00332351520809,-0.00983675542434
183,0.00229000109132,-0.00920810900678
184,0.000731161839452,-0.0130154870025
185,-0.000265781482802,-0.0146890008008
186,-0.00441677658869,-0.0173274909291
187,-0.00604553463381,-0.0155514245026
188,-0.00632826651289,-0.0131741790607
189,-0.00564626481036,-0.00809272035077
190,-0.0079534548449,0.00271819165256
191,-0.00740759421626,0.00381846543935
192,-0.00661683888534,-0.00493966788406
193,-0.00609558002848,-0.0150293940026
194,-0.00523575509809,-0.0162617809839
195,-0.00460305126973,-0.0195377399172
196,-0.00451075567059,-0.0192073056468
197,-0.00360530079285,-0.0205104833659
198,-0.00562324959435,-0.0225232529174
199,-0.00545616230477,-0.0236325400012
200,-0.00496098645358,-0.0233081598665
201,0.000356097975153,-0.014734425783
202,0.00605065423971,-0.00677709871488
203,0.00898283323865,-0.00304219452444
204,0.0121965637468,-0.00204189569144
205,0.0152431612801,0.000115977684319
206,0.015682792089,-0.000351097162326
207,0.0157966342955,0.000249457252665
208,0.0142065263422,0.00231835329223
209,-0.0376307670735,0.00256075284087
210,-0.0414951953289,0.00888309749287
211,-0.0381973551381,0.00516769154416
212,-0.03479059992,0.00122630778222
213,-0.0326444502664,-0.0038827849917
214,-0.0291595049851,-0.0084495035836
215,-0.037200203856,0.00393839609152
216,-0.0410861621284,0.00840200081022
217,-0.0413068295446,0.00799096098019
218,-0.041270395747,0.00930901469818
219,-0.0392408482126,0.004326167082
220,-0.0359060748015,-0.00157488726685
221,-0.0355895945661,-0.00203919257291
222,-0.0405723394473,0.00534706442789
223,-0.040865709283,0.0069526457952
224,-0.0371454761415,-0.00059348982815
225,-0.0347596396372,-0.00405174885946
226,-0.0335406278195,-0.00488243232798
227,-0.0337580656567,-0.00419144143383
228,-0.0372228117115,0.0028076170456
229,-0.0358084986823,0.00240402943531
230,-0.0263973145042,-0.0118061785163
231,-0.0233896277735,-0.0154534758668
232,-0.0227260304894,-0.0165246247661
233,-0.0240233200611,-0.0157755636987
234,-0.0272037581053,-0.0101900036025
235,-0.0253364676422,-0.0140796388481
236,-0.0243544240177,-0.0137171307342
237,-0.0215863327463,-0.0185784532318
238,-0.021646951563,-0.0176643859467
239,-0.0282064330203,-0.00866595751356
240,-0.0311615928092,-0.00426374197678
241,-0.0267717364923,-0.0105506490452
242,-0.021469961766,-0.0187608356485
243,-0.020495527989,-0.0191778539164
244,-0.024952911215,-0.0133003546595
245,-0.0245699048226,-0.0113917063256
246,-0.0218917260316,-0.0150364239351
247,-0.0195874861983,-0.014955736077
248,-0.0174161028596,-0.0162834253174
249,-0.0199618031773,-0.0146644080551
250,-0.0245997261412,-0.00828394323759
251,-0.0218172863364,-0.0092430008109
252,-0.0216002678612,-0.00870430468338
253,-0.0217693781699,-0.0101164211439
254,-0.0191624222906,-0.0128883035304
255,-0.0194606813631,-0.0104243810323
256,-0.0175910093511,-0.00886327901666
257,-0.0172963806299,-0.0090209267801
258,-0.0181969171764,-0.00800898460972
259,-0.0161560414448,-0.0129034179762
260,-0.017511622716,-0.0152203338356
261,-0.0186125586616,-0.0126968584664
262,-0.0169598550408,-0.0147153851565
263,-0.0095249743458,-0.0144534547886
264,-0.0021515816569,-0.00943374552869
265,-0.00987832938182,-0.0141270001732
266,-0.0124967831093,-0.0130057298943
267,-0.0123805011119,-0.0146133285206
268,-0.0129411756824,-0.0161718913188
269,-0.0120740281906,-0.0190548857459
270,-0.0142558291301,-0.0193763494765
271,-0.0152883872189,-0.0132056450497
272,-0.0142647446889,-0.0144039282621
273,-0.0137765767387,-0.0116062114712
274,-0.0129680286072,-0.0110917270528
275,-0.0210319738939,-0.00661618748587
276,-0.0170642753977,-0.00526925915416
277,-0.0177002014797,-0.00378097158762
278,-0.0181921110897,-0.00677068303934
279,-0.018058055087,-0.00938437691291
280,-0.018468680691,-0.00535951389335
281,-0.0158574747141,-0.00589185108366
282,-0.0172762287619,-0.0086184099364
283,-0.016766424766,-0.0136412116641
284,-0.0179125829098,-0.0150839962664
285,-0.0255430448125,-0.00710416152304
286,-0.0249066827606,-0.00696460053251
287,-0.0208038693325,-0.0145171568786
288,-0.0140057196774,-0.0251296814276
289,-0.015103934764,-0.0224873450151
290,-0.0200323164064,-0.00552368228081
291,-0.0155215801452,-0.00717801367856
292,-0.0150905007007,-0.0117161411718
293,-0.0145016115538,-0.0151671424799
294,-0.0142457981908,-0.0166298445723
295,-0.0153377726308,-0.0068105885489
296,-0.0140689978829,-0.00630001177745
297,-0.0134324777549,-0.00895469970184
298,-0.0127178564551,-0.0123567423813
299,-0.0147959235004,-0.00426030859332
300,-0.0133837030201,0.000386570215789
301,-0.013209925165,-0.000114047559154
302,-0.0135362162393,-0.000733020575487
303,-0.0129055546036,4.50600180217e-05
304,-0.0129739518189,-1.98954652224e-05
305,-0.0120348718741,0.0157866559016
306,-0.00778122653933,0.017402516246
307,-0.0102964876062,0.0152575365829
308,-0.0112695621117,0.0125825611911
309,-0.0115602178303,0.0101005194105
310,-0.0124204662834,0.00498297542052
311,-0.0124060006765,0.00244183560399
312,-0.0114950049557,-0.0024851982984
313,-0.00999914491136,-0.00391235661569
314,-0.0103080338023,-0.00607464197013
315,-0.0126019144575,0.0100936437764
316,-0.0140609838363,0.0161867214943
317,-0.0119341145023,0.0194168374079
318,-0.0156086743763,0.0243075445609
319,-0.0138024658042,0.0262624636292
320,-0.0167403831548,0.026758320664
321,-0.0108439297767,0.0185250936877
322,-0.0123999987037,0.0146546881376
323,-0.0128936381705,0.0108868631891
324,-0.0122870271482,0.00369406035283
325,-0.0122291017735,0.00270342391075
326,-0.0123686498715,0.00438467151402
327,-0.0124657174092,0.00492267278326
328,-0.0123534497868,0.00601378391593
329,-0.0126347980836,0.00499470365981
330,-0.0124207256176,0.00294096681377
331,-0.0124717076112,0.00306162541222
332,-0.0117510028492,-4.09912407237e-05
333,-0.0118065868449,0.000210924768294
334,-0.0122696990736,0.00192659213156
335,-0.0122356109329,0.00319955428409
336,-0.0127636621742,0.00605557244893
337,-0.0122290682514,0.00303380564816
338,-0.012448295122,0.00287449997531
339,-0.0125123099657,0.00288168620818
340,-0.0121649483171,0.0019800048244
341,-0.0127707802481,0.00536861420776
342,-0.0117307798485,-0.000399114020681
343,-0.011909705667,0.000338708487024
344,-0.0118587300972,-0.000314295103768
345,-0.0124560272058,0.00342685757825
346,-0.0122325425243,0.00220999192524
347,-0.0124596798543,0.00309788564818
348,-0.011864815239,-2.10342122793e-05
349,-0.0127251072057,0.00361191782278
350,-0.011754089953,-0.0168647773225
351,-0.0112210241161,-0.033149771807
352,-0.01191510982,-0.0338145278931
353,-0.0128910496955,-0.03359456091
354,-0.0135111362209,-0.0281584387716
355,-0.0141911380554,-0.0269287120936
356,-0.0168049440627,-0.0276479800571
357,-0.0173950372067,-0.0257238420463
358,-0.0164519277617,-0.0258121047015
359,-0.016359327106,-0.0236021903703
360,-0.020859919784,-0.0182031339388
361,-0.0250694374687,-0.0134220540958
362,-0.0241636360494,-0.0140964164684
363,-0.0219985121294,-0.0179550632716
364,-0.0216678639635,-0.0160357237155
365,-0.0236658071431,-0.0153221900259
366,-0.0263627010025,-0.0111015755872
367,-0.0205598863216,-0.0191966559711
368,-0.0188727788377,-0.018212264399
369,-0.0170140423998,-0.0174862111524
370,-0.0190634753099,-0.017091040115
371,-0.0185619429999,-0.0171326534914
372,-0.0180726720039,-0.0165812299312
373,-0.0146479798109,-0.0137207282214
374,-0.0163523948342,-0.0135191055436
375,-0.0169829579025,-0.0164251675392
376,-0.0173669732091,-0.0169870972785
377,-0.0180526306106,-0.0150777814232
378,-0.0181142186165,-0.0160538053295
379,-0.019512294726,-0.0181030828867
380,-0.0206556670398,-0.0179800599098
381,-0.0218055102531,-0.0161966756899
382,-0.0199736832309,-0.0165380327208
383,-0.01878643855,-0.0169535264541
384,-0.0185474862223,-0.0204000305014
385,-0.0187010320202,-0.0215743195683
386,-0.0191854372657,-0.0177801779679
387,-0.0197200566868,-0.0168391624658
388,-0.0197374491275,-0.0157511341698
389,-0.0191209530289,-0.0182858505848
390,-0.0196191275006,-0.0176958333473
391,-0.0180589318427,-0.0207775767575
392,-0.0182960261805,-0.0197674923
393,-0.0178458313185,-0.0194456608498
394,-0.0150626537981,-0.0249463079543
395,-0.0146273792684,-0.0254944309573
396,-0.015036138825,-0.0248866942054
397,-0.0153569068418,-0.0242112871345
398,-0.0170749738697,-0.0203713369627
399,-0.0154285945664,-0.0251490124858
400,-0.0161926239917,-0.0228820182645
401,-0.0164136756086,-0.0231900170084
402,-0.0173300362906,-0.0197922518085
403,-0.0178101880404,-0.0188097447491
404,-0.0169900361316,-0.0208656129444
405,-0.0174423469769,-0.0176927281322
406,-0.017027972185,-0.0169656682556
407,-0.0170861197415,-0.0181303695885
408,-0.0165871836554,-0.0207552693971
409,-0.0158796514245,-0.0229442924636
410,-0.0163823026621,-0.0186502933706
411,-0.0163593234484,-0.0171456571418
412,-0.0164825792602,-0.0189908055579
413,-0.0161666676426,-0.0216356028802
414,-0.0160348558201,-0.0219306681485
415,-0.0169679531482,-0.0177422230494
416,-0.0173595299856,-0.0160308251278
417,-0.0184444671813,-0.0144848474589
418,-0.017179435156,-0.018259555809
419,-0.0186093571096,-0.0147589801898
420,-0.0192148481575,-0.0140493823583
421,-0.0196671303621,-0.0125858349021
422,-0.0201104557528,-0.014436853918
423,-0.0166280026131,-0.0184504223715
424,-0.0180938331293,-0.0143831253739
425,-0.0173461521579,-0.0129277984152
426,-0.0171337933752,-0.0123352031457
427,-0.0175637000592,-0.0126276302273
428,-0.0175822313081,-0.0146244549986
429,-0.0178445561654,-0.0129770875585
430,-0.0171598754376,-0.0106545313542
431,-0.0152458382512,-0.00907934614614
432,-0.0158644532033,-0.0135578461353
433,-0.0207831961508,-0.0117805917035
434,-0.0248060602139,-0.0135984400029
435,-0.0238735455194,-0.0148583473277
436,-0.0195921005434,-0.0211021953208
437,-0.0183314060368,-0.0203031991982
438,-0.0174111268041,-0.0202991262107
439,-0.0161598213985,-0.0198775763072
440,-0.0156626354931,-0.0165258297548
441,-0.0142253931034,-0.0162364809585
442,-0.0149300101819,-0.0100625343437
443,-0.0158537696852,-0.00644644511052
444,-0.014975602808,-0.00527631997123
445,-0.0143528580415,-7.34971601579e-05
446,-0.0134076341315,-0.000990370257264
447,-0.0131576593268,-0.00482270144892
448,-0.0142495137156,-0.00849867895468
449,-0.0162441655272,-0.0107425863185
450,-0.0170183683497,-0.0113511010934
451,-0.0185958194765,-0.0125944020126
452,-0.0205848774506,-0.0123688279174
453,-0.0229236626254,-0.0106897770532
454,-0.024679732975,-0.010039127316
455,-0.0259081219478,-0.00988159525146
456,-0.0256370436107,-0.0124332322122
457,-0.0247480206069,-0.0138289023962
458,-0.0233163328177,-0.016453933996
459,-0.0212872988486,-0.0190011696356
460,-0.0201207247839,-0.0198023681105
461,-0.018523048318,-0.0188089692054
462,-0.0164044494141,-0.0197158786999
463,-0.0165778654479,-0.0170856562458
464,-0.0164757297902,-0.0160730222843
465,-0.016411878293,-0.0156009765082
466,-0.0172464690869,-0.00940153977414
467,-0.0154788004831,-0.013806956833
468,-0.0130007450099,-0.0137018094074
469,-0.0424063981093,0.047686051384
470,-0.0438820908093,0.0473349672049
471,-0.0446183684675,0.0460159527585
472,-0.0493307874551,0.0472481483852
473,-0.0495384975058,0.0506061497108
474,-0.0502906015875,0.0501309467035
475,-0.0541196560764,0.0509860707525
476,-0.0615444551356,0.0518781013984
477,-0.0629666902628,0.0516532429823
478,-0.0632943160336,0.0502714658379
479,-0.0625047266326,0.0518066013709
480,-0.0637012689414,0.0482439375995
481,-0.0642871041357,0.0480973752513
482,-0.0636203787788,0.0476989273147
483,-0.0630268291833,0.0477742438138
484,-0.0605128943867,0.0463476990589
485,-0.0597047548597,0.0480776576802
486,-0.0585187868917,0.0503032529744
487,-0.0552311003228,0.0489888847588
488,-0.0412713243031,0.0475717453585
489,-0.0367081051477,0.0454497825683
490,-0.0379918574425,0.0455407067289
491,-0.0395944456437,0.0440612616744
492,-0.0428941656085,0.0452681869172
493,-0.0519980649196,0.0444569028531
494,-0.0526318909698,0.0422249900347
495,-0.0533127739428,0.0427517299888
496,-0.0533585722922,0.0450291927854
497,-0.0522470144095,0.0456055133387
498,-0.0510592129798,0.0491293058438
499,-0.0504038986709,0.0493825535216
500,-0.0554173619052,0.0486208890199
501,-0.0441667401387,0.0453971962267
502,-0.0421022549589,0.0485687444154
503,-0.0379616181534,0.0462500662223
504,-0.0372365150927,0.0465702439913
505,-0.0386017155996,0.0473828947337
506,-0.0390421234675,0.0464888345719
507,-0.039440127388,0.0478075269726
508,-0.0360949967832,0.0455964939325
509,-0.0359237110543,0.0468696789485
510,-0.0385704411998,0.0454004029977
511,-0.0446998074232,0.0471076664772
512,-0.040899705002,0.0480996924245
513,-0.0413651351734,0.0468848747299
514,-0.0390878606133,0.0464763436842
515,-0.03764533176,0.0461177684947
516,-0.0365495589534,0.0454812084784
517,-0.0366796314943,0.0451138062368
518,-0.0378718584025,0.0450318993919
519,-0.0310823765468,0.0452417995868
520,-0.0293794806628,0.0425121633282
521,-0.0363555678348,0.0457458824056
522,-0.0382998465723,0.0478862852881
523,-0.0376596854165,0.0456776489132
524,-0.0423424201488,0.0465267463813
525,-0.0404825978265,0.0466585803581
526,-0.0427159550096,0.0473810231588
527,-0.0428126941265,0.0443896878763
528,-0.0418973291556,0.0436946807771
529,-0.0406661160321,0.0393010377523
530,-0.042529389187,0.0409421919044
531,-0.0440697313027,0.041348543612
532,-0.0439546777589,0.0385106114982
533,-0.0448048596377,0.0373947040382
534,-0.0424812685017,0.0342999803218
535,-0.0406305245043,0.0303443125663
536,-0.0438807547013,0.0368387851477
537,-0.0463224276946,0.0404909680022
538,-0.0442304068058,0.0352926546308
539,-0.0447615418839,0.0374088946607
540,-0.0434320959512,0.0348407803656
541,-0.0421775785697,0.0323399154647
542,-0.0441692267965,0.0346948418182
543,-0.0416488460205,0.0312446968263
544,-0.0398567209687,0.029056461016
545,-0.035081699257,0.0232163166025
546,-0.0279169093271,0.0109897235236
547,-0.0338620618047,0.0340116632658
548,-0.0299325113991,0.0376244255807
549,-0.0303796694989,0.0401003853704
550,-0.0314863490318,0.0379314293089
551,-0.0304642651033,0.0376292015177
552,-0.0302744187969,0.0381462444074
553,-0.0297603958679,0.040587976523
554,-0.0283528972042,0.0379818033306
555,-0.0276940023599,0.0386828858741
556,-0.0255792023173,0.0387119341718
557,-0.0260735134273,0.0393010100662
558,-0.0245066872141,0.0395753880593
559,-0.0246851157424,0.0421987473341
560,-0.0259608642444,0.0407554466346
561,-0.0268324957143,0.0394088570051
562,-0.028323348589,0.0386935749384
563,-0.0226688308677,0.0405652877545
564,-0.0225567753714,0.0428836566325
565,-0.021875743531,0.0408755772025
566,-0.0188176849671,0.0412156603353
567,-0.0168874084578,0.0395322205343
568,-0.020853747412,0.0410063197024
569,-0.0216392196135,0.0404713342775
570,-0.0216103535727,0.0400097421334
571,-0.0220366335545,0.0423487091271
572,-0.0217954891947,0.0409697448749
573,-0.0221046895205,0.0423609714405
574,-0.0220747645303,0.0410124885264
575,-0.0243302177461,0.0419053572006
576,-0.0254984872688,0.0400191454465
577,-0.026730851301,0.0415670289774
578,-0.0281917520903,0.0392650712504
579,-0.0306808152752,0.0398160175586
580,-0.0271404949248,0.0405101249668
581,-0.0281504509859,0.0429779664742
582,-0.0278878004536,0.0431027387763
583,-0.0286840784868,0.0412873885497
584,-0.0233805442826,0.0406581544741
585,-0.0277384269298,0.0422283284148
586,-0.0290400334142,0.0429706536266
587,-0.0437476017819,0.0493642142436
588,-0.0398612106406,0.0441680271425
589,-0.0353506606379,0.0444526921696
590,-0.0322064885085,0.0427690864836
591,-0.0322257148557,0.0447889821416
592,-0.0371226280027,0.0439258860268
593,-0.0335416058266,0.0444080309871
594,-0.0323517456555,0.0413680129788
595,-0.0320417000858,0.0453078322031
596,-0.0311668731923,0.0451709394175
597,-0.0340732849917,0.0462659426692
598,-0.0315275909195,0.0430572428077
599,-0.0293761578693,0.0427261131135
600,-0.0127254425786,0.0380538998853
601,-0.0111346301758,0.0371951189819
602,-0.0225782922029,0.0411249935353
603,-0.0226414481794,0.0406555342181
604,-0.0227407456894,0.0415170455598
605,-0.0250474075098,0.0419310351942
606,-0.0245469715523,0.0406386670403
607,-0.0285297850479,0.043676906834
608,-0.0309907400484,0.0425900340124
609,-0.0302279590076,0.0420795701383
610,-0.0289679959434,0.0427333319904
611,-0.0274426857865,0.0435062345928
612,-0.0291548123583,0.0439308155515
613,-0.029118852406,0.0441939393778
614,-0.0281857037353,0.0436996037734
615,-0.0282037634753,0.0431533928612
616,-0.028238301203,0.0432644761604
617,-0.0288837644259,0.0447001448184
618,-0.0301208399176,0.0437832272355
619,-0.0302910063862,0.0425599186449
620,-0.0313094661213,0.0433430702184
621,-0.0313028697373,0.0451954158179
622,-0.0322406821364,0.0455615715109
623,-0.0359661979666,0.0445475800525
624,-0.0354356923465,0.0450778921768
625,-0.0318289127426,0.0437716216221
626,-0.0232925062484,0.0416374845223
627,-0.0228392010904,0.0397134576462
628,-0.0321404370588,0.0428722544253
629,-0.0325576104793,0.045137776123
630,-0.0315210941162,0.0420174930361
631,-0.0222846137656,0.0421949355789
632,-0.0120500503398,0.0356714538519
633,-0.0178273483173,0.0379700562291
634,-0.0114474016256,0.0362919648468
635,-0.00567380006468,0.0359584092024
636,0.0147319199746,0.0250827549907
637,0.0128196997481,0.0272263850163
638,0.00663879025198,0.0299814183861
639,0.00833553418786,0.0274073809564
640,0.0093326442311,0.0291957253206
641,0.00587841680086,0.0299041529036
642,0.00850077698158,0.0281056576296
643,-0.00987429354245,0.0368887685352
644,-0.0166331531365,0.0374028304558
645,-0.0396963898021,0.045670689654
646,-0.0409598381745,0.0468882832567
647,-0.0388331799521,0.0459388500049
648,-0.0374403870962,0.0473880232807
649,-0.0371468738818,0.0458681038665
650,-0.0380082132869,0.0435261580513
651,-0.0377405504702,0.040266600399
652,-0.0346834110892,0.0321129932611
653,-0.0325411347801,0.0267627059281
654,-0.0343083261572,0.0324822687318
655,-0.0306939903214,0.0357383691424
656,-0.0295453022125,0.0377420883602
657,-0.0292904199975,0.0411265727128
658,-0.0292175835243,0.0406590702488
659,-0.0299271813609,0.040007146635
660,-0.0270950231594,0.0393142602534
661,-0.0261472058031,0.0388026907742
662,-0.0263326855349,0.0415696209253
663,-0.0261466006011,0.0402173999892
664,-0.0250410532989,0.0416338782535
665,-0.0213059740201,0.0409054898921
666,-0.0217043568247,0.0420365488896
667,-0.0215712799198,0.0414990442618
668,-0.0216808514406,0.0420068402148
669,0.0418487132434,0.0157271358559
670,0.041740256775,0.0157669848618
671,0.0410271656658,0.0165741776519
672,0.0414102018648,0.0169028916528
673,0.0414892454913,0.0159519581294
674,0.0418749336242,0.0162115172959
675,0.0420698470608,0.0152028539698
676,0.0410067037933,0.0151320122377
677,0.0406878188542,0.0168661922012
678,0.0408626077983,0.0153778365531
679,0.0413664428251,0.0172151982568
680,0.0400043629857,0.0145677071015
681,0.0386696537269,0.0164428842526
682,0.0358156046405,0.0165527643784
683,0.0393928408314,0.015095020244
684,0.0398301085339,0.0170137869403
685,0.0401984354393,0.0157356077924
686,0.0393304168917,0.0162631174873
687,0.040000793767,0.016154599973
688,0.0410619635352,0.016686981842
689,0.0417574719846,0.0148563643015
690,0.0415014089534,0.0157668684387
691,0.0411236003769,0.0175964415568
692,0.0409031654038,0.0158914634356
693,0.0407676542478,0.016729390794
694,0.0404440063252,0.0151547244301
695,0.0412063159921,0.0155905366911
696,0.0417624942535,0.0154356918
697,0.0421462749241,0.0155802686475
698,0.0424656107827,0.0157201148853
699,0.0429051240005,0.0147186136268
700,0.0430495459201,0.0155065239239
701,0.0428264865262,0.0165296676295
702,0.0429653171815,0.0171385260457
703,0.043569147891,0.0158541976545
704,0.0436123736178,0.0154546702318
705,0.043450710624,0.0167220547916
706,0.0439664996797,0.0159460700499
707,0.0437490846075,0.017638586498
708,0.0438429030662,0.0174297602497
709,0.0441592156738,0.0157953756328
710,0.0439121888828,0.0168773899582
711,0.0428933806027,0.0161063899542
712,0.0354091084858,0.0153175432211
713,0.0432829437442,0.0163818046936
714,0.0434950990938,0.0152381231555
715,0.0435084422793,0.0169151811175
716,0.0436213846625,0.017136288719
717,0.0435040228743,0.0167703362821
718,0.0435686391253,0.0162861883144
719,0.0437960730775,0.0153778729875
720,0.0430417440312,0.0176180457929
721,0.0431581025918,0.0172817023575
722,0.0406470142308,0.0183999246608
723,0.0326476083789,0.0180782245945
724,0.0170122310437,0.024380995694
725,0.043019017753,0.0167866513928
726,0.0421919484852,0.0180325289039
727,0.0416244687211,0.017344074823
728,0.0417993713124,0.0177641902108
729,0.0420759669165,0.0182968968518
730,0.0421378469349,0.0170375494703
731,0.0424140572605,0.0170746175682
732,0.0427451076151,0.0156001761706
733,0.0426763890288,0.0155706837884
734,0.0367691386267,0.0197714885708
735,0.0415144633811,0.0165532242478
736,0.0306997016523,0.019334262945
737,0.0410734590088,0.0172293392257
738,0.0329643381659,0.0198261397927
739,0.0401431613484,0.0178012214251
740,0.0400238357867,0.0170575112521
741,0.0222165852434,0.0233030837723
742,0.0383184185783,0.0179839327677
743,0.0392152539954,0.0169994622056
744,0.0368046075717,0.019367185139
745,0.0343170205433,0.0200227459313
746,0.0391215218281,0.0171011699717
747,0.0386067377506,0.018932154792
748,0.0295314639538,0.017459491831
749,0.0404209039008,0.0167534117193
750,0.0267800962524,0.0134183549777
751,0.0408494320099,0.014930614644
752,0.040108764091,0.0175505716596
753,0.0393614756725,0.0169806090741
754,0.0403875037228,0.0169706390793
755,0.0274436868893,0.0148371698944
756,0.0409799733988,0.0153683673129
757,0.0292411378543,0.0149203979722
758,0.041061852102,0.0147016854053
759,0.0407092131229,0.0169211287197
760,0.0403898671536,0.0171276088574
761,0.0410094348103,0.0150639835878
762,0.0270605126413,0.0168440278146
763,0.0265878821664,0.0168401987361
764,0.0400803318091,0.0157383999027
765,0.0138696484855,0.0210563259742
766,0.0393264539254,0.0154839883153
767,0.0360145523822,0.0157466719756
768,0.024397189447,0.0154837986095
769,0.0405612922866,0.0168779502933
770,0.039918446781,0.0160039314763
771,0.041861225948,0.0147519478012
772,0.0414710554495,0.016347436246
773,0.0410677583365,0.0154363368025
774,0.0417922052608,0.0150986872698
775,0.0417827805098,0.0168154750066
776,0.0420206088025,0.0168256114366
777,0.0427607353608,0.0137297174444
778,0.0421886941547,0.0137342033345
779,0.0422117195686,0.0153436113358
780,0.0425959338337,0.0137081496235
781,0.0422955018707,0.0170141992881
782,0.0412051002326,0.0149568075959
783,0.04177983539,0.0147661430761
784,0.0418859630533,0.0142742965267
785,0.0426730539356,0.0139322143607
786,0.042463665243,0.0156971092115
787,0.0409570511655,0.0154329973996
788,0.0390806994639,0.0157485297867
789,0.0358806587837,0.0122837850558
790,0.0413094657164,0.0153531661069
791,0.0418276897964,0.0157520312145
792,0.0411433488908,0.016351591862
793,0.0315425463465,0.0181945082753
794,0.0320360221899,0.0158952455338
795,0.0325615148532,0.0169839520809
796,0.0343521896722,0.0155921698829
797,0.0330363704508,0.0159075721545
798,0.0340096534766,0.0161158043903
799,0.0338739609634,0.0164770982388
800,0.0339403225066,0.0180450096461
801,0.0337034050138,0.0171276605341
802,0.0324493195069,0.0158170132272
803,0.0260256424124,0.0185579627096
804,0.0243141720438,0.0193456127001
805,0.0211072843539,0.0213506940329
806,0.0247227752453,0.0186554278663
807,0.0269969579462,0.0180337172663
808,0.0300883785652,0.0187235192255
809,0.0358912309635,0.0164045772056
810,0.0314892460028,0.0186835255163
811,0.0286810693608,0.0167427863435
812,0.0251272798477,0.0193831343791
813,0.0218963163265,0.0186264904102
814,0.022114824108,0.0203635096796
815,0.0227951363213,0.0185036178451
816,0.0238022133769,0.0207071536721
817,0.0197699801987,0.02082367252
818,0.0169475498278,0.0224526574606
819,0.0169986928616,0.0236564811223
820,0.0208427195707,0.0205971379658
821,0.021195561898,0.0203282754611
822,0.0159679011557,0.0233469857521
823,0.0147639879969,0.0222794733921
824,0.0125846890487,0.0233022448996
825,0.0156157600304,0.0235499172229
826,0.0153403647999,0.0224104875513
827,0.0123763223238,0.024241951309
828,0.0124146108188,0.0241126098541
829,0.0114585731038,0.0234069013875
830,0.00879223470427,0.0263116400728
831,0.00754869797376,0.0271542474536
832,0.00258460408389,0.0298779019552
833,0.000856091438993,0.0300495478111
834,-0.00382819829196,0.0317663618365
835,-0.00561051205109,0.0316974082934
836,-0.0121957153091,0.0351084340852
837,0.000530878620896,0.0301107107072
838,-0.00920737042249,0.033962009675
839,0.00271494510929,0.0268192136655
840,0.00160697390773,0.0277502099557
841,0.00418557490073,0.0270201265557
842,0.0109244085506,0.0253015759364
843,0.00858636108867,0.0265288928796
844,0.0195519415051,0.0201352358899
845,0.0232696678218,0.0193481512677
846,0.0224528022451,0.0143265797639
847,0.0277512410905,0.0109996398238
848,0.0207623901825,0.00404056254721
849,0.0273596094911,0.0135121421989
850,0.0197633111545,0.00729177825133
851,0.0274609385638,0.0174747567303
852,0.028420149417,0.0146985267601
853,0.031783057472,0.0161469670095
854,0.0322399158405,0.0162806608569
855,0.0296223644343,0.0120519876561
856,0.0281598022094,0.014330377055
857,0.0311833024547,0.0141418190053
858,0.0285589791299,0.0131657923302
859,0.0314434329202,0.0167982879501
860,-0.00693888019423,0.0221539123365
861,0.00259996355305,-0.00861358155213
862,0.0332391589186,0.0178155817761
863,0.0192188644377,0.0165516539985
864,0.0128747528416,0.021028934921
865,0.0294164055355,0.0158455789724
866,0.0294237513341,0.014939581531
867,0.0265850404139,0.0163524913655
868,0.0287457894015,0.017766261716
869,-0.00720089360205,0.0247539756844
870,0.0222936116722,0.0185667083026
871,0.0190842602496,0.0176245372127
872,0.0135952890859,0.0153395489424
873,0.0292400837313,0.0157098364392
874,0.00395527990322,0.0215814941844
875,0.0268070709584,0.0156726513346
876,0.0115726735642,0.0236769980487
877,0.029308341047,0.0172037905045
878,0.0293809531321,0.015015001549
879,0.0294975391759,0.0158521520281
880,0.000104072069581,0.0251966548036
881,-0.0335488086199,0.0249553795279
882,-0.0327366521708,0.0228496120817
883,-0.0333419918159,0.021631536764
884,-0.0343771355955,0.0243410821518
885,-0.040043433485,0.0288964504867
886,-0.0399133913812,0.0279603191961
887,-0.0442124013484,0.0304965082616
888,-0.0473781877996,0.0335182582601
889,-0.0482447820469,0.0329388759992
890,-0.0511293055583,0.0332782223348
891,-0.0535584331245,0.0362617779562
892,-0.0554600601953,0.0384407105602
893,-0.056272911308,0.0390758742028
894,-0.056437730811,0.0386290541158
895,-0.0571060414807,0.0384069017154
896,-0.0584166019228,0.040231814333
897,-0.0584254504171,0.0390775457072
898,-0.0585876928209,0.0400710286813
899,-0.057556889182,0.0380215878852
900,-0.0579138363255,0.0395401319077
901,-0.0570773883876,0.0375904055483
902,-0.0577216263114,0.039548239457
903,-0.0580094790527,0.0395011937407
904,-0.0577621687501,0.0402642833776
905,-0.0554072849025,0.0358910832045
906,-0.0564351542815,0.0388165706336
907,-0.057548441063,0.0395694512642
908,-0.0569836187981,0.0389718979754
909,-0.0566076873382,0.0378560111345
910,-0.0559785637635,0.0381662852588
911,-0.0527489166825,0.0341337052008
912,-0.046321526068,0.0285480418018
913,-0.0449372017152,0.0257112307393
914,-0.0441583146335,0.0257544273108
915,-0.0403854859656,0.0213837673048
916,-0.0366925926199,0.0140809897892
917,-0.0304175625856,0.00746463145312
918,-0.0236439794278,0.00151446704613
919,-0.00787850128703,-0.00219482198589
920,-0.0152807024597,0.00147595659068
921,-0.0198876177049,0.00200391386177
922,-0.0194908776103,0.00174073975677
923,-0.0219447101943,0.00595263623473
924,-0.00847430631761,-0.00231050541063
925,-0.00754646545277,-0.00351061464111
926,-0.00704475503374,-0.00128217613078
927,-0.00506993954874,0.00229411208718
928,-0.00416997906948,0.00383157315279
929,-0.00393446930927,0.00211341897286
930,0.00494248538399,0.00644345996223
931,0.00377944939421,0.00652913440814
932,-0.00598947963062,0.00635654570059
933,-0.00504436128968,0.00766512585542
934,-0.0025255303959,0.0072722987816
935,0.000829073048452,0.00599439610563
936,0.00795887890113,0.00840906980446
937,0.0104497219389,0.00885810026519
938,0.00891556652005,0.00715443120539
939,0.00739171738096,0.00539095454799
940,0.0252763747559,0.00724583206062
941,0.0396643312831,0.0174086555274
942,0.028659291472,0.0124308990766
943,0.0295616036013,0.0115324537527
944,0.0281336590929,0.0127374162232
945,0.0228764886626,0.0105926083194
946,0.00139798242459,0.00339755824688
947,0.0179212889089,0.0103899925323
948,0.0237398972248,0.00874810055122
949,0.0254214334774,0.00813661958333
950,0.0262916650323,0.0108745491721
951,0.025046169636,0.0101748509881
952,0.0280595491424,0.013564994076
953,0.00602243846785,0.00380810947418
954,0.0108407279699,0.00635848312764
955,0.0102185417838,0.00857739051958
956,0.0115598474482,0.00844244630357
957,0.014664167553,0.00821227307795
958,0.00617054295633,-0.00055176647065
959,-0.00354982903868,-0.00698972682971
960,-0.00561817253324,-0.00712547198707
961,-0.00753189173578,-0.0100398865009
962,0.00390354180319,-0.0013586349486
963,0.00288097535286,0.00250138442499
964,0.000650322587435,0.0010007446339
965,0.0034605622825,-0.008256521376
966,-0.0162629362113,-0.0133631987897
967,-0.00295871770032,0.0052099675042
968,0.00126951907769,0.00273641553761
969,-0.00239126787328,0.00761456899643
970,-0.00532555047081,0.00936592187627
971,-0.0152686329973,0.0108311753328
972,-0.0187102955823,0.0128094070634
973,0.0119688108292,0.0147108807555
974,0.013637334406,0.0129190744586
975,0.0100893239499,0.00672879932861
976,0.0247613673611,0.0140435422701
977,-0.0145549917784,0.0110074621915
978,-0.0220526762368,0.0160797937246
979,-0.0244701869712,0.0194203035137
980,-0.0214965105517,0.0145271025872
981,-0.000988503122116,0.0154835830975
982,-0.0170660725698,0.0198871726095
983,-0.0259086388065,0.0218870162081
984,-0.0272609918435,0.0228712549491
985,-0.0285018860769,0.020361055594
986,-0.0276056703927,0.0176711490266
987,0.000853158224852,0.0207122772274
988,-0.00245943828287,0.0228664952796
989,-0.00172730777041,0.0244855787557
990,-0.000904996631717,0.0260832349069
991,0.00120832416315,0.0275313343034
992,-0.00472318360405,0.0207218035518
993,-0.00423314651384,0.0216361707953
994,-0.000758322263406,0.0219902993248
995,-0.0190002141692,0.0114017957768
996,-0.0247001434339,0.0107731411756
997,-0.0282276720071,0.0143536190154
998,-0.0293205940256,0.010825759561
999,-0.0276217792781,0.00980620922916
1000,-0.0276333299389,0.00432396643582
1001,0.0111732161833,0.0133145247537
1002,0.0164807408248,0.0141383395088
1003,0.0352841270507,0.0150938784886
1004,0.0248550204529,0.00910186633163
1005,0.0366216589213,0.0169926474601
1006,0.0318337231616,0.013516414595
1007,0.0299545154564,0.0137710284444
1008,0.0252981866644,0.0109250890088
1009,-0.00145552273067,-0.0037891000993
1010,-0.0060749543182,-0.0100333440552
1011,0.0240060159733,0.00895905122988
1012,0.0332240575962,0.0139079222506
1013,0.0330830686759,0.0128280389933
1014,0.0318380934097,0.0142961457786
1015,0.0245584338838,0.0126869506678
1016,0.0346898735982,0.0153177204728
1017,0.034656065535,0.0148477056897
1018,0.0354562345262,0.0141981797429
1019,0.0360865709975,0.0133755807711
1020,0.034121138927,0.0123871454533
1021,0.0368598764659,0.0130300330508
1022,0.0366988999574,0.0137924166121
1023,0.0355069834811,0.0150157092705
1024,0.0379651214081,0.0135903856513
1025,0.0354145583715,0.0122009444587
1026,0.0361180940666,0.0124662782091
1027,0.0376494799452,0.0140832603302
1028,0.0372138848412,0.0131503554479
1029,0.0375776552719,0.0135178689101
1030,0.0369015999817,0.0148111256807
1031,0.0366166875371,0.0153284011723
1032,0.0344329381034,0.0116368795757
1033,0.0266638704452,0.0077545914456
1034,0.0295178550344,0.0118818828413
1035,0.026738343968,0.0106400381583
1036,0.0145486698478,0.0108587210499
1037,0.0307427881002,0.0119243629929
1038,0.028917759884,0.0123942188542
1039,0.0286174651673,0.0113485386552
1040,0.028511763443,0.0117719567876
1041,0.022984619987,0.00844858461296
1042,0.0334376647455,0.0122548618791
1043,0.0336719534473,0.0139160728149
1044,0.0328968604455,0.0126473894363
1045,0.0324485163004,0.0149041764002
1046,0.0327363619925,0.0119797802025
1047,0.0329196079681,0.014590816233
1048,0.032196716237,0.0148012914049
1049,0.0321423303334,0.0132102017503
1050,0.0330300784684,0.0116769194414
1051,0.0320753157307,0.0137907155918
1052,0.0313430090632,0.0118801267531
1053,0.0301590250051,0.0131515961575
1054,0.0302534791288,0.0110651959641
1055,0.0261445172975,0.0107239169782
1056,0.0265067177324,0.0106135820342
1057,0.0266897671408,0.0119445816588
1058,0.0266278389926,0.0120628296586
1059,0.0284268526229,0.0110206865797
1060,0.0261785744367,0.0104425155668
1061,0.0237984413798,0.0114423610409
1062,0.0226985008803,0.00820833879899
1063,0.0191344665125,0.00683717220257
1064,0.0211289985053,0.00857587040687
1065,0.0186553314056,0.00878660833416
1066,0.0191945223622,0.00750498150052
1067,0.0196367734293,0.01018041369
1068,0.0212383047579,0.0084822309129
1069,0.0206618930413,0.0105802732835
1070,0.0208608071594,0.00873295443166
1071,0.0216630982579,0.00789014776513
1072,0.0227737774726,0.0082480102978
1073,0.0229665627159,0.0112834275297
1074,0.0239113164329,0.009484506778
1075,0.0233138873322,0.0110557641395
1076,0.00187193331617,0.016850823249
1077,0.0411022234553,0.0166683182677
1078,0.00878533450827,0.0207242660174
1079,-0.00256389633572,0.00112044685547
1080,-0.00707172098196,-0.00118656154814
1081,-0.00406143815372,0.00129395277494
1082,0.014886686445,0.00552955619972
1083,0.0138421784891,0.00534512328219
1084,0.0151061852657,0.00476754061416
1085,0.0190522374501,0.00668286995605
1086,0.0146423086488,0.00579984759361
1087,0.0193427862375,0.00855067977267
1088,0.0204159316551,0.0106155413408
1089,0.021375061642,0.0106214442655
1090,-0.0148428178773,-0.0482853631183
1091,-0.0146433734921,-0.0450504032358
1092,-0.0134864205919,-0.0367675532693
1093,-0.0132669053281,-0.0310918007741
1094,-0.0139574901138,-0.0381470583339
1095,-0.0142154373595,-0.0386708630505
1096,-0.0142758696731,-0.0460089875589
1097,-0.0153144912176,-0.0478060495485
1098,-0.0150674628141,-0.0484459931483
1099,-0.0142334360756,-0.0457729797166
1100,-0.0148549881336,-0.0492287035926
1101,-0.0151474907766,-0.0474217548119
1102,-0.0150074727185,-0.0468262674716
1103,-0.0147082521599,-0.0471612122748
1104,-0.0149706010057,-0.048278856068
1105,-0.0145252638256,-0.0485838575114
1106,-0.0150843366354,-0.0466839553084
1107,-0.0142309879736,-0.0424378558
1108,-0.0244031869796,-0.00277736949056
1109,-0.00527509784459,-0.000450868774022
1110,-0.0109645983737,-0.0266537196791
1111,-0.0131484721542,-0.0403162275624
1112,-0.0142837734364,-0.0417159287217
1113,-0.0141464464889,-0.0458034599134
1114,-0.0135176116878,-0.0437002731335
1115,-0.0142379339184,-0.0457350636229
1116,-0.0147818812167,-0.0439546507084
1117,-0.014730506437,-0.0465981813008
1118,-0.0144086588249,-0.0468970875075
1119,-0.0123302414392,-0.0405417454187
1120,-0.0118748928296,-0.0404462017346
1121,-0.0128265149213,-0.0355077642972
1122,-0.0147053889393,-0.0417038762895
1123,-0.0141457434957,-0.0424657398131
1124,-0.0134161372519,-0.0392628744244
1125,-0.0124080953501,-0.0399957986926
1126,-0.0139360662077,-0.0390111524475
1127,-0.0130328977628,-0.0386637879322
1128,-0.00995881555568,-0.0327299112125
1129,-0.0116217434041,-0.033314400626
1130,-0.0127704871652,-0.0353930399543
1131,-0.0143350909901,-0.0416244890773
1132,-0.0149250903785,-0.0391008733485
1133,-0.0151538769833,-0.0322103558836
1134,-0.0148282950412,-0.0373322259497
1135,-0.014417338718,-0.0380665914881
1136,-0.0147608498617,-0.0374978256457
1137,-0.0147367778375,-0.0385204145537
1138,-0.0138545342309,-0.0404938841709
1139,-0.0139184639488,-0.043426547217
1140,-0.0136985653356,-0.0437075336928
1141,-0.0134896968061,-0.0435122042204
1142,-0.0138490969373,-0.0408766049251
1143,-0.0133106363004,-0.0434463888338
1144,-0.0133910089084,-0.0424095346444
1145,-0.0135043219004,-0.0420943686217
1146,-0.0131927100093,-0.0431416161206
1147,-0.0134959300367,-0.0402600315606
1148,-0.000936937148383,-0.0227467425507
1149,-0.000527424884021,-0.0204323412153
1150,-0.00441920569145,-0.0217386025735
1151,0.000889915886609,-0.0143860059768
1152,0.00108157771764,-0.00908045491585
1153,-0.0129539432015,-0.025762452825
1154,-0.0128116578507,-0.0403372317134
1155,-0.0124950031603,-0.0417088789073
1156,-0.0128499830026,-0.0405761515188
1157,-0.012457850401,-0.0427585706733
1158,-0.0129823635396,-0.0405438019804
1159,-0.0128015706844,-0.0390987233051
1160,-0.0122109076887,-0.0381475011174
1161,-0.0115124706286,-0.0413565509105
1162,-0.0117571945832,-0.0414327227309
1163,-0.0122776636409,-0.0392191753605
1164,-0.0114172739674,-0.0389915395022
1165,-0.0114299723966,-0.0390143005507
1166,-0.0116305329575,-0.0375088310635
1167,-0.0112419051633,-0.0357559798946
1168,-0.0110238760866,-0.0390029730598
1169,-0.00891343356479,-0.0332091228041
1170,-0.00375714509286,-0.0266868308761
1171,-0.00775924563541,-0.0302061481633
1172,-0.0102624924135,-0.0368483566339
1173,-0.0105683800035,-0.0380085594069
1174,-0.0108823470474,-0.0365530672752
1175,-0.00921800235777,-0.032673685129
1176,-0.00961114417946,-0.0323705865933
1177,-0.011039752852,-0.0288453104206
1178,-0.010819181623,-0.0345801454431
1179,-0.0111453588626,-0.0351720989221
1180,-0.0109691622182,-0.0369282446944
1181,-0.010954398377,-0.033316185414
1182,-0.011720380376,-0.0384418072822
1183,-0.0112525476104,-0.0383780941901
1184,-0.0112805884637,-0.0372122606712
1185,-0.0111976044155,-0.0339956634084
1186,-0.0115359807491,-0.0314010098468
1187,-0.0110417578554,-0.0362315270544
1188,-0.0114870024032,-0.0367673337203
1189,-0.0113536938187,-0.0380475543637
1190,-0.0100372926817,-0.0320332450218
1191,-0.0113849379119,-0.0359898145543
1192,-0.0118117920765,-0.0349569242995
1193,-0.0116375054174,-0.0353019583558
1194,-0.0111838252011,-0.0360256125148
1195,-0.0109601242719,-0.0351490203955
1196,-0.0113689085942,-0.0362065972437
1197,-0.0121016948658,-0.0350149790303
1198,-0.0109340253751,-0.0334714043962
1199,-0.0109993561639,-0.032110849047
1200,-0.0103801706855,-0.0331993599841
1201,-0.0112882358742,-0.0319870845518
1202,-0.0113209972735,-0.0341207603245
1203,-0.00936858539815,-0.0310415879757
1204,-0.00721757270843,-0.0284652719455
1205,-0.00726048130148,-0.0277983303422
1206,-0.00899815744401,-0.0308859132623
1207,-0.0103020006727,-0.0303463241309
1208,-0.0109062636113,-0.0338364857018
1209,-0.0109450727708,-0.0339727072937
1210,-0.0108802715484,-0.0360585752929
1211,-0.0116790624467,-0.0338622395026
1212,-0.0102830352186,-0.0336838008911
1213,-0.0103149732836,-0.0320238097411
1214,-0.00999404594929,-0.0327005628661
1215,-0.0097263242274,-0.0320195254521
1216,-0.010176977928,-0.0338073472496
1217,-0.0106928382507,-0.0337820782165
1218,-0.0104308271722,-0.0324983311164
1219,-0.0111153872497,-0.0347681658644
1220,-0.0140864396855,-0.0358764460288
1221,-0.0140804426982,-0.0373896866595
1222,-0.0146023209366,-0.0353352532964
1223,-0.0143064056048,-0.0365419131757
1224,-0.0143661394356,-0.0353850313435
1225,-0.01466924333,-0.0350174343891
1226,-0.0145424634502,-0.0355949789115
1227,-0.0147093609979,-0.0350684789975
1228,-0.0139359826423,-0.0359402584103
1229,-0.0134836410819,-0.0368824586571
1230,-0.0132341021084,-0.0379352505185
1231,-0.0141556502442,-0.0362315148332
1232,-0.013610156572,-0.037650169433
1233,-0.0125296674762,-0.0360553753693
1234,-0.0124493549392,-0.0352791035588
1235,-0.0125013910885,-0.0390668117954
1236,-0.0136903651201,-0.037803264276
1237,-0.0134913712114,-0.0393089833383
1238,-0.0138792935387,-0.0384776266774
1239,-0.014235810401,-0.0364698124022
1240,-0.014412837638,-0.0366666263092
1241,-0.0145533044369,-0.0347396203602
1242,-0.0146320088623,-0.0344210351283
1243,-0.0138714350486,-0.038407445573
1244,-0.0139874850338,-0.0384612987351
1245,-0.0149933044429,-0.0307433137057
1246,-0.0246672764428,-0.00926906383364
1247,-0.0223671899669,-0.0124515544361
1248,-0.0174049576375,-0.0240078212777
1249,-0.0160414386792,-0.027471943329
1250,-0.0152638242136,-0.0292272737936
1251,-0.0143969006131,-0.0347529993545
1252,-0.0138188052159,-0.0405734037349
1253,-0.0135266015929,-0.0413829177304
1254,-0.0138503246488,-0.0408144209161
1255,-0.0138306633807,-0.0413542656356
1256,-0.0129576840038,-0.0429626842701
1257,-0.0137393900194,-0.0417293643574
1258,-0.0133130570159,-0.0434146343165
1259,-0.0130659620192,-0.0418004719512
1260,-0.0134281636211,-0.0407257281279
1261,-0.0129538379649,-0.0405595285624
1262,-0.0124317300946,-0.0408191664879
1263,-0.0129904863077,-0.0429559155298
1264,-0.0133691056936,-0.0434009063759
1265,-0.0133562990681,-0.0439468193999
1266,-0.0140036256805,-0.0407091742198
1267,-0.0139932869988,-0.0401149773946
1268,-0.0135762732566,-0.0417850853828
1269,-0.0136858809557,-0.041221318928
1270,-0.0137098851162,-0.0401846796608
1271,-0.0141028385543,-0.0389491884785
1272,-0.0121327889357,-0.035895920144
1273,-0.012850890861,-0.0389405994272
1274,-0.0140561791454,-0.0393693523896
1275,-0.0150260939661,-0.0305825910507
1276,-0.0149577453448,-0.0305072339886
1277,-0.0142077874531,-0.0346616040129
1278,-0.0148159259794,-0.031916877104
1279,-0.0143097214845,-0.0358022591276
1280,-0.0145738894516,-0.0346059779519
1281,-0.0131567311709,-0.0391336379208
1282,-0.0104717524729,-0.0345763328047
1283,-0.00874985382846,-0.0280323444122
1284,-0.00897050811663,-0.0309254307029
1285,-0.0120631540558,-0.0342939375394
1286,-0.0121234078612,-0.0345723222981
1287,-0.00932569129234,-0.0332965794723
1288,-0.00887954185899,-0.0283645660223
1289,-0.00906574735902,-0.0313568008752
1290,-0.0113783427719,-0.0346229178608
1291,-0.0125693026723,-0.039030408503
1292,-0.0128376702043,-0.0369285951266
1293,-0.01175906324,-0.0349594208724
1294,-0.0104714338004,-0.0342622643269
1295,0.00644023571369,-0.0117478221663
1296,0.00651623229208,-0.0104113508626
1297,0.00706781657811,-0.0125314225521
1298,0.00693216589675,-0.00907561447994
1299,0.00791521527249,-0.00937544051584
1300,0.00772362143207,-0.00904125280043
1301,0.00812177180926,-0.0106285573392
1302,0.00797866892445,-0.00796417468398
1303,0.00754361482774,-0.00886041096814
1304,0.00780577214084,-0.00833695457242
1305,0.00500909613876,-0.0123235621093
1306,0.00420118014419,-0.0117316351706
1307,0.00522535223851,-0.0102025136153
1308,0.00483050563985,-0.0091225069539
1309,0.00652280822703,-0.0103219847877
1310,0.00520515354865,-0.0116491410433
1311,0.00277785228868,-0.0123207009109
1312,0.0023341702215,-0.0103153916148
1313,0.00273771289825,-0.00982195601821
1314,0.00410486391307,-0.00834192030918
1315,0.00503430648089,-0.00915409328574
1316,0.00325611107729,-0.0107402157932
1317,0.00256152155465,-0.0102570279087
1318,0.00343030753046,-0.00966941830516
1319,0.00892014675261,-0.00733450694125
1320,0.00798333086473,-0.00451665656586
1321,0.0079288669376,-0.00621123537257
1322,0.00761192835691,-0.00781256216908
1323,0.00823546828368,-0.0025561831224
1324,0.00991381517168,-0.00275951584006
1325,0.0141941567921,-0.000190221014373
1326,0.0147630998482,0.00292275279086
1327,0.0123452495618,0.000410477473343
1328,0.0161539700658,0.00503322280905
1329,0.0147059916451,0.000471864981797
1330,0.00755036496437,-0.00207682466727
1331,-0.00667999527985,-0.00290618985889
1332,0.0198140304602,0.00722964367075
1333,0.022319102135,0.00846954173645
1334,0.0231760647832,0.00917702755235
1335,0.0184857187792,0.00445092670747
1336,0.0155502869228,0.00286204614698
1337,0.00983691087409,-0.00128152800116
1338,0.0113936360705,-0.00451850068057
1339,0.00850178129956,-0.00628842762758
1340,-0.00324678334117,-0.00438508025494
1341,0.00638395864534,-0.009504945078
1342,0.00733009463808,-0.0110143170409
1343,0.00676352108158,-0.00859131828836
1344,0.00736291060347,-0.00975057982289
1345,0.00539401378827,-0.00955798615173
1346,0.00433217430937,-0.0130537448864
1347,-0.000739581743849,-0.0214147775079
1348,-0.00276929840582,-0.0250443499505
1349,-0.00428423630236,-0.0233427097086
1350,-0.00316631055482,-0.0135072044682
1351,-0.0033859413358,-0.0250060157071
1352,-0.00534200719952,-0.0245846554667
1353,-0.00676896728732,-0.0294143980876
1354,-0.0060801085281,-0.0287971016946
1355,-0.00685589088745,-0.0305157110641
1356,-0.00834666274968,-0.0301344659929
1357,-0.00783663846404,-0.0302516822916
1358,-0.00903957920844,-0.0301325324283
1359,-0.00904341807466,-0.02832099815
1360,-0.00943596711187,-0.0305500434046
1361,-0.00905242460922,-0.0310129020699
1362,-0.00972405326781,-0.028154495063
1363,-0.00887422874506,-0.0285086036609
1364,-0.00973433111925,-0.0318525141577
1365,-0.011035720925,-0.029612743385
1366,-0.0118351554742,-0.0326503324884
1367,-0.0122965658569,-0.0308222913052
1368,-0.0115157583386,-0.0315191322252
1369,-0.0123717661835,-0.0341894324437
1370,-0.0128477635555,-0.0311875447975
1371,-0.0140716290598,-0.0284860717267
1372,-0.0121692920358,-0.031284637294
1373,-0.0118888550055,-0.0307321373912
1374,-0.0120778575228,-0.0296240454765
1375,-0.0125636804643,-0.028734215965
1376,-0.0151448831012,-0.0275840582898
1377,-0.0167008732332,-0.0266561813942
1378,-0.0123593334809,-0.0299972712332
1379,-0.0109503372584,-0.0295777618427
1380,-0.0103585047427,-0.0289972270827
1381,-0.0112342410287,-0.0262305085987
1382,-0.0112281168964,-0.0284611336667
1383,-0.00990097504428,-0.0252355913023
1384,-0.0100924955371,-0.0254788260729
1385,-0.0113574945561,-0.025393010539
1386,-0.0118172220784,-0.026017973495
1387,-0.0122055298302,-0.0260013069039
1388,-0.0131245568723,-0.0284992408349
1389,-0.0136235295461,-0.0287086373702
1390,-0.0129310166812,-0.021129950197
1391,-0.0127650629634,-0.022967785262
1392,-0.0116407768422,-0.0223727501993
1393,-0.0085791778294,-0.0224308548814
1394,-0.0101879864221,-0.0210786583026
1395,-0.00776657174605,-0.0192142471042
1396,-0.00983687858191,-0.0207400773633
1397,0.00848459818877,-0.0100292282062
1398,0.00907107844578,-0.0095360714727
1399,0.0101797909022,-0.00716534373508
1400,0.00877055456162,-0.0102945913434
1401,0.00838056372399,-0.00801767889742
1402,0.0106204446334,-0.00551789793486
1403,0.00372979204283,-0.0132483558573
1404,0.0010178701332,-0.014995217656
1405,0.000699731046312,-0.0189140765371
1406,-0.00163870474757,-0.0189268570983
1407,0.00522192073894,-0.0120437365893
1408,0.00775765036657,-0.0109606149329
1409,0.00790647818625,-0.0100281918302
1410,0.0133932510577,-0.00386222296539
1411,0.0116561055272,-0.00479807212901
1412,0.0103350275914,-0.00557812100172
1413,0.00962904574603,-0.00468988983329
1414,0.010238453436,-0.00480466915711
1415,0.0112774679238,-0.00585606099267
1416,0.00976396519903,-0.00531588196501
1417,0.0113196702237,-0.0069038289801
1418,0.0112791673743,-0.00664583874811
1419,0.0120295218308,-0.00381384974156
1420,0.0159109372836,-0.000272336495653
1421,0.00977374060151,-0.00759912829366
1422,0.0124896169774,-0.00338214379799
1423,0.0138708456447,-0.00473818410991
1424,0.0123243950587,-0.00190132739109
1425,0.0184861212944,0.00117729972092
1426,0.0138868203097,-0.00267240457727
1427,0.0185540280319,0.000370926709737
1428,0.0176905571141,-5.07466506892e-06
1429,0.0149609717754,-0.00171655501707
1430,0.0153007035382,-0.00178647878986
1431,0.0093741666465,-0.00639192640856
1432,0.0117961482485,-0.00335476000332
1433,0.0220919290192,0.00307854219558
1434,0.0191017015738,-0.000382054499416
1435,0.0224769573515,0.00557543250216
1436,0.0120603999572,-0.00557252137247
1437,0.00961026183626,-0.00930213399437
1438,0.0106417706237,-0.00860910830954
1439,0.0103955350727,-0.00889118945484
1440,0.0214310559594,0.0050726328032
1441,0.0191606406504,0.00317555046647
1442,0.01600141474,-0.000646130821249
1443,0.0146119134797,-0.00130897788211
1444,0.016725401373,0.000396908857064
1445,0.0165077407484,0.00406303032338
1446,0.0197577113679,0.0025884180569
1447,0.016658825695,0.00129096885046
1448,0.0133471045347,-0.00196075535104
1449,0.0135279689641,-0.00516944339935
1450,0.0190645718017,0.00167140484491
1451,0.0209512765783,0.00239607945784
1452,0.0204829081847,0.00425803897574
1453,0.0160365598698,6.69236164877e-05
1454,0.0150018651272,-0.00105388512717
1455,0.0130706255547,-0.00293780996455
1456,0.0124333566405,-0.00520203016882
1457,0.0112946712733,-0.0040954047116
1458,0.00923129782757,-0.00955493672096
1459,0.0118859463746,-0.00467783260006
1460,0.00519295486532,-0.00844119317087
1461,0.00411016338619,-0.010590785273
1462,0.00349328857745,-0.0113295579659
1463,0.00163923208534,-0.0119042069212
1464,0.00212209177991,-0.0129788501807
1465,0.00154311415285,-0.0132913114046
1466,0.000715014990093,-0.0153218580978
1467,0.000318496743866,-0.0148742881988
1468,-0.00144128519479,-0.0126564238881
1469,-0.00176124586857,-0.0147578034303
1470,-0.00344770123467,-0.0165025777574
1471,-0.00345954351786,-0.0146409182086
1472,-0.00492121828056,-0.0146747452138
1473,-0.00473114990106,-0.0151514679853
1474,-0.00433719088629,-0.0152660476207
1475,-0.0038052295432,-0.0160283836436
1476,-0.00557109191749,-0.0128472656335
1477,-0.0059929130421,-0.0188538598564
1478,-0.00679578579536,-0.0166705762539
1479,-0.00737934837271,-0.0191356582705
1480,-0.00759377124911,-0.0183781562993
1481,-0.00185651934097,-0.0117884701976
1482,-0.00291437523075,-0.0136156111617
1483,-0.00562000663858,-0.0114646994742
1484,-0.00797187037434,-0.0133155183729
1485,-0.00867221538353,-0.0164065255059
1486,-0.00657282700656,-0.0196529007105
1487,-0.00492729238105,-0.0186086051705
1488,-0.00623705985904,-0.0169786465881
1489,-0.00787076888673,-0.0188190445631
1490,-0.00847885386899,-0.0213079250789
1491,-0.00926547294735,-0.0209803267034
1492,-0.00900157689768,-0.020487642086
1493,-0.00848686203944,-0.022209883024
1494,-0.00357636005153,-0.0187510910638
1495,-0.00382390576117,-0.0188704087487
1496,-0.00356887895575,-0.0172595921489
1497,-0.00556682385336,-0.0190571269623
1498,-0.00637928050848,-0.0204006192924
1499,-0.00570710281421,-0.017869196308
1500,-0.0049312818475,-0.0205607929127
1501,-0.00564005591757,-0.0209982689247
1502,0.0194468348386,0.00305167895983
1503,0.0193754064331,0.006023798644
1504,0.0196452755402,0.00615687064965
1505,0.0192348080706,0.0051334900608
1506,0.0215594230561,0.0071968612394
1507,0.0217058301619,0.00401702314126
1508,0.021181285422,0.00628365042953
1509,0.0198564914113,0.00471966677594
1510,0.0168051039136,0.00424970315438
1511,0.0177097615477,0.00605366514874
1512,0.0197080540397,0.00926319768038
1513,0.0212920759215,0.00788954116459
1514,0.0189022675844,0.00981596683467
1515,0.0151827873684,0.00915351741149
1516,0.0158673905875,0.00736179662565
1517,0.0162294197858,0.00532832196218
1518,0.0151192187977,0.00312069707532
1519,0.00975102280479,-0.00106539233808
1520,0.0126096750337,0.000135625320695
1521,0.0149909238311,0.00221094449345
1522,0.0186975664949,0.00321202164568
1523,0.0203430618066,0.00247625447134
1524,0.0222181945229,0.00627157744777
1525,0.0221488207913,0.00514389644524
1526,0.0233603312138,0.00668944991126
1527,0.0255139377829,0.00834155744466
1528,0.0224614190266,0.00649792335984
1529,0.0246650276974,0.00746509794658
1530,0.0240602000065,0.00798977777954
1531,0.0227950439722,0.00464107053977
1532,0.0242855509121,0.00623383280948
1533,0.0211663238792,0.00572329578532
1534,0.0263052684005,0.00624483790732
1535,0.0207348213009,0.00621529619083
1536,0.0188893580649,0.00463776897361
1537,0.0257267808696,0.00712008367824
1538,0.0258188489815,0.00652092091417
1539,0.0221952639281,0.00602409040247
1540,0.0207917245714,0.00515261406517
1541,0.0230114044691,0.00556744610826
1542,0.0202826237434,0.00645881906423
1543,0.0192735953451,0.00495437435629
1544,0.017457546659,0.00303005632127
1545,0.0181250065591,0.00509784807409
1546,0.0272713335699,0.00969898324879
1547,0.0219866401544,0.00793842428956
1548,0.0231665571614,0.00872644702244
1549,0.0247881328109,0.00782335074577
1550,0.0175887931293,0.00568052240273
1551,0.0151277755856,0.0039283253182
1552,0.0162631798642,0.00439571743703
1553,0.0223935598705,0.00685615076497
1554,0.0223926924818,0.0066241892982
1555,0.0199691274355,0.00713547630354
1556,0.0104655993,0.00394721464182
1557,0.0145841280483,0.00612510595404
1558,0.00608701207311,0.00279269475552
1559,0.0191053877628,0.00691710583893
1560,0.0196930561594,0.00784551096055
1561,0.0166713644205,0.00707677163349
1562,0.0170092517951,0.00512882343742
1563,0.0164863045257,0.00612122123775
1564,0.0119392391385,0.00512185708538
1565,0.0164140116717,0.00474987523569
1566,0.0160858625341,0.00356998054404
1567,0.0126637421329,0.00397405410083
1568,0.0138018654822,0.00340812425875
1569,0.0109009529575,0.00437577493887
1570,0.0161658479256,0.00424644564379
1571,0.0153969808607,0.00307802761212
1572,0.0123847664751,0.00477522055944
1573,0.0139217411022,0.00612452561219
1574,0.0112338309348,0.00603361034322
1575,0.00334879138778,0.00285815846852
1576,0.0202297732303,0.00847241326219
1577,0.020748758863,0.00925091560209
1578,0.0217228873172,0.00891379148561
1579,0.0214422421094,0.00798906325415
1580,0.0221198884217,0.00769914404256
1581,0.0271490141692,0.0103238792811
1582,0.026300032068,0.012792863913
1583,0.0296739580346,0.0144863947793
1584,0.029502693382,0.0143454623152
1585,0.030819179428,0.0153977076182
1586,0.0248540418209,0.0108365346756
1587,0.0291543419851,0.012735463624
1588,0.0280637029793,0.0136686791149
1589,0.0277493266103,0.0134258471151
1590,0.0277915558819,0.0126281229584
1591,0.0278325551598,0.0136219785647
1592,0.0281944095511,0.0125921086168
1593,0.0307968550924,0.0137867843048
1594,0.0315272862713,0.0145858965132
1595,0.030402335231,0.0129763886909
1596,0.0296528410955,0.012770997261
1597,0.0296572325471,0.0149782830306
1598,0.0311490820684,0.0131382019511
1599,0.029096109372,0.0122418642872
1600,0.0284462301151,0.0133508164305
1601,0.0295348548941,0.0162559929568
1602,0.0309260875308,0.0159461413363
1603,0.0315556027147,0.0142481854251
1604,0.031921365474,0.0160229814132
1605,0.033167171031,0.0144668643693
1606,0.0319464431611,0.0139309514339
1607,0.0306457033816,0.0142668549534
1608,0.0297097922342,0.0157768956493
1609,0.0302671982346,0.0141309931643
1610,0.0298999743942,0.0160606566404
1611,0.0313234934993,0.0162415587205
1612,0.0321794109173,0.0171457464879
1613,0.0313776103172,0.0146729885784
1614,0.0291533964671,0.0121111729863
1615,0.0268382408636,0.0116312580167
1616,0.0302938525727,0.0127302606107
1617,0.0278814792313,0.0128465232447
1618,0.0257197778144,0.012160819718
1619,0.0235048886494,0.0122423314925
1620,0.0243912498435,0.012165521371
1621,0.0265336637312,0.0100799434889
1622,0.027278712752,0.0134269148244
1623,0.0272653409326,0.012313416017
1624,0.0322103690417,0.0128078088923
1625,0.0312642821325,0.0137326786461
1626,0.0273517883885,0.013674086973
1627,0.0281626982405,0.0118375416675
1628,0.025452334087,0.0105538496575
1629,0.0278693625843,0.0128024494371
1630,0.0215721154194,0.010464701734
1631,0.0227970086811,0.00858291143136
1632,0.0239867615281,0.0111513540557
1633,0.0232879780526,0.0111925254576
1634,0.024166997215,0.0125116895238
1635,0.0195882088879,0.00881172549326
1636,0.0123712835087,0.00712409516867
1637,0.0165080918678,0.00568195205241
1638,0.021182488733,0.00508332960778
1639,0.0204083048666,0.00433520161782
1640,0.017877931645,0.00472713172161
1641,0.015911285837,0.00579571248954
1642,-0.00036799293314,-0.000393660525052
1643,0.00688250442627,0.00272696497171
1644,0.00125709501019,0.00714097372009
1645,0.0070552150834,0.00236154162895
1646,0.00362182123132,0.000230733839636
1647,0.0114763664259,0.00329387632203
1648,0.0176784877306,0.00619830613856
1649,0.0144650090283,0.00334272233964
1650,0.018868873574,0.00708149839037
1651,0.0131327207491,0.00515567517355
1652,0.0106979168882,0.00214172169927
1653,0.0221707371635,0.00715731556633
1654,0.0247010526587,0.00797058317652
1655,0.0237472974317,0.00826941920068
1656,0.0215368411367,0.00557198023672
1657,0.0206392634828,0.00474233710879
1658,0.0265066655336,0.00787076058407
1659,0.0319411203031,0.0096169044834
1660,0.0265405123043,0.0068758407616
1661,0.022740988617,0.00690208839679
1662,0.024209632716,0.00939554583999
1663,0.0183922603833,0.00633471405223
1664,0.0181097931065,0.0022672598879
1665,0.019362385568,0.00465981823502
1666,0.0182375276649,0.00532207711119
1667,0.0206817783337,0.0076308445841
1668,0.0215240001839,0.0064237999179
1669,0.0226796311486,0.00787457155791
1670,0.0223270788665,0.00497503865073
1671,-0.00530534282063,-0.00737019277746
1672,0.0229417436802,0.00552044807846
1673,0.0213862766549,0.00354628704371
1674,0.0241334016504,0.00498170176375
1675,0.0265251683259,0.00770692981856
1676,-0.00586915054377,-0.000647454712286
1677,0.0199194605468,0.00487838867405
1678,0.0179882299993,0.00360290915189
1679,0.0149897014252,0.00296301015694
1680,0.0158822755166,0.00192624769301
1681,0.0222658574505,0.00898381482876
1682,0.0183082654725,0.00812773341801
1683,0.0168927909184,0.00584262580136
1684,0.0184418208603,0.00560412205376
1685,0.0161859209983,0.0086689794929
1686,0.0171474276409,0.00810961874263
1687,0.0190978876146,0.00514227050103
1688,0.0182181609141,0.00743645411556
1689,0.0177522987675,0.00542689266024
1690,0.0181892797545,0.00604611815257
1691,0.0142656544293,0.00686682590889
1692,0.0150499790993,0.00580167418233
1693,0.0177587330365,0.00578771414687
1694,0.0165782499453,0.00579795928881
1695,0.0202374302488,0.00803308842877
1696,0.0221471105863,0.00570034022636
1697,0.0216701261578,0.00760755199441
1698,0.0222722740547,0.00805727463002
1699,0.0225366533258,0.00991553010245
1700,0.0220812051226,0.0094400695676
1701,0.0236139744543,0.0116668610768
1702,0.0244804460337,0.00871119550902
1703,0.0241759951524,0.010751061677
1704,0.0233009945213,0.0104167694808
1705,0.0235478587595,0.0086822679958
1706,0.0262654643436,0.00808910428505
1707,0.0271920379457,0.00905224756147
1708,0.025037087231,0.00893427184294
1709,0.0223158427981,0.00967792806665
1710,0.0238170390708,0.00979668896533
1711,0.0186024823109,0.0124208703511
1712,0.00207472025335,-0.0102189550835
1713,0.00186755839974,-0.0105527911596
1714,0.00234512724017,-0.0122470551152
1715,0.0024787359363,-0.0123342735767
1716,0.0034160673351,-0.010374239972
1717,0.00360547741064,-0.00895904543193
1718,0.00199509825372,-0.0114805885162
1719,0.00200490148887,-0.0128942406734
1720,0.00181218896728,-0.0133365278066
1721,0.0014069044298,-0.0109484396889
1722,0.00136050232229,-0.0115325520736
1723,0.00162497232187,-0.0121352274276
1724,0.000922612030824,-0.0109622033134
1725,0.00124333913198,-0.0114245829246
1726,0.00131531788927,-0.0126276366119
1727,0.000953870500998,-0.0140461076711
1728,0.000278495278635,-0.0149697626174
1729,0.000346802421373,-0.0149717284656
1730,0.000215389507354,-0.0143013616207
1731,0.00109413012281,-0.0156665836506
1732,0.000763845427162,-0.0134431785471
1733,0.000512512699191,-0.0130837768496
1734,-0.000571302095937,-0.015119922234
1735,-0.000295232606021,-0.0171077785853
1736,-0.000752413487072,-0.0168448044496
1737,-0.000304058434944,-0.0169485736225
1738,0.000720435859434,-0.014081659381
1739,0.00100789965737,-0.0121589436014
1740,0.000760456438197,-0.0144675251075
1741,-0.00136816656889,-0.0185249768311
1742,-0.0015063440598,-0.0183682637305
1743,-0.00153042206589,-0.0197250551203
1744,0.000529942048003,-0.0154516346535
1745,0.00352652503872,-0.0111542675696
1746,0.004015285486,-0.00785872825609
1747,0.00486602786734,-0.00725519608862
1748,0.00690695402795,-0.00547020880565
1749,0.0078137029456,-0.00585160597572
1750,0.00245650154074,-0.00389899481669
1751,0.014885918374,0.00317071296176
1752,0.014351524146,0.00330766384924
1753,0.0138415263973,0.000515033471228
1754,0.00815433272839,-0.00329501800221
1755,0.00985450339761,-0.000869901222178
1756,0.00529875312746,-0.00633827527216
1757,0.0121054224879,-0.00155638980001
1758,0.0118872933967,-0.00129628633102
1759,0.0121024648209,0.00197083690729
1760,0.0137765878949,0.00018872076509
1761,0.0132017916398,0.00164206346884
1762,0.0142130447348,0.00244707677081
1763,0.0164395475367,0.00427803192733
1764,0.0165645006478,0.00371103414384
1765,0.0148887923352,0.0055801915742
1766,0.0160611093308,0.00606936702036
1767,0.0168483203382,0.00519432674019
1768,0.0170664318746,0.00748036383366
1769,0.022599101782,0.00836475060315
1770,0.0220846359362,0.0116086309446
1771,0.0167262396815,0.00486630833861
1772,0.0190400714616,0.00725813858658
1773,0.0169841506236,0.00413913524783
1774,0.0151112601797,0.00520680589155
1775,0.0211336953517,0.00660982676158
1776,0.0028677048564,-0.00485652695037
1777,0.00223514505346,-0.0103630735175
1778,-0.000412769259895,-0.0153577835437
1779,0.00234000133471,-0.0139629500429
1780,0.003188019886,-0.0121980099311
1781,0.00385292024726,-0.0119491273731
1782,0.00297595298624,-0.0122213770087
1783,-0.00386081743497,-0.0133082813602
1784,-0.00968910000631,-0.0129595952698
1785,-0.00415419120563,-0.0163884677804
1786,-0.00253918111776,-0.0158115542414
1787,-8.0569498156e-05,-0.0137304538714
1788,0.000947571973923,-0.0152350563268
1789,0.000461317439662,-0.0120740014977
1790,0.000776623130398,-0.0139788857876
1791,0.00108713036537,-0.0132313648488
1792,0.00219337926335,-0.00974287724109
1793,0.00225939153327,-0.011167132013
1794,0.00251824529792,-0.00977403543268
1795,0.00535815056843,-0.00854198136401
1796,0.00690292730626,-0.00470076024361
1797,0.00361568787688,-0.00828794181429
1798,-0.014208558497,-0.000240435289634
1799,-0.0138867475226,0.00405936446504
1800,0.00430719718388,-0.0106637932541
1801,0.00306119102529,-0.00738091311003
1802,0.0098471447106,-0.00584451429686
1803,0.00951959819427,-0.00496487553378
1804,0.0112813744827,-0.00482531739546
1805,0.00848333650165,-0.00585971970061
1806,0.00796601641853,-0.00537964897368
1807,0.00636046612058,-0.00829283640752
1808,0.00612516190603,-0.00704394006561
1809,0.0125058385763,-0.00367952864793
1810,0.0105239274666,-0.00629537149224
1811,0.00966872074939,-0.00480642773377
1812,0.00485593889346,-0.00795187026426
1813,0.00360939951658,-0.00736454083255
1814,0.00598540747314,-0.00623534688361
1815,0.00604545574453,-0.00905114415534
1816,0.00594247028157,-0.00695540923576
1817,0.00497451961471,-0.0100995095052
1818,0.00501918226459,-0.011618856121
1819,0.00593782462029,-0.00913070813505
1820,0.00831464041939,-0.00631104546618
1821,0.00852592366625,-0.00698161776342
1822,0.0105317499758,-0.00652677926845
1823,0.00914038175919,-0.00486719989193
1824,0.0100046843891,-0.00594679351591
1825,0.0105648591397,-0.00606650909388
1826,0.00863193347358,-0.00949296158375
1827,0.0230038407467,0.0120829301158
1828,0.0122530299534,0.00372324760151
1829,0.015389747249,-0.000140025971514
1830,0.0159797003164,0.00314748336229
1831,0.0173219603611,0.00321080364766
1832,0.0219123459861,0.00752306377925
1833,0.0220412328256,0.00862250590248
1834,0.0206277288017,0.00855165776059
1835,0.0200171512076,0.00438218453476
1836,0.0164481374142,0.00404942101098
1837,0.0144924264357,-0.00106245078983
1838,0.009555503253,-0.0052553342604
1839,0.00421824763853,-0.0106662560853
1840,0.000197685823076,-0.0173057002057
1841,-0.00186455594752,-0.0197353413912
1842,-0.00328131198526,-0.0228371149174
1843,-0.00245978405571,-0.0219136473622
1844,-0.00385701411341,-0.0222638837958
1845,-0.00421148182128,-0.023569908974
1846,-0.00489147284519,-0.0240401116011
1847,-0.00523489991687,-0.0264054004845
1848,-0.0054613055854,-0.0272285671037
1849,-0.00573499830733,-0.0251968146594
1850,-0.00592576820656,-0.0269190517051
1851,-0.00808077325303,-0.0278826657771
1852,-0.0123867667377,-0.0248191128339
1853,-0.0101474060674,-0.0306618331331
1854,-0.00847778531757,-0.0284098685868
1855,-0.00811271368676,-0.0298069333521
1856,-0.00949888690613,-0.0294900832713
1857,-0.0098217261352,-0.0314263695551
1858,-0.00940122585766,-0.029541126708
1859,-0.00974105977181,-0.0303847681109
1860,-0.00934224147418,-0.0305193811589
1861,-0.0106152202315,-0.0289444470216
1862,-0.0107609761074,-0.0306400779693
1863,-0.0120354076009,-0.0323890250489
1864,-0.011553698249,-0.0316403735571
1865,-0.0101318657762,-0.0328151169251
1866,-0.00805861119204,-0.0277824148222
1867,-0.0077099773264,-0.0294830159562
1868,-0.00844898856995,-0.0283730602524
1869,-0.00753055258557,-0.0269256344498
1870,-0.00757385100982,-0.0295131162057
1871,-0.00754946538938,-0.0276751108636
1872,-0.00439796160822,-0.0250657707042
1873,-0.00213120692908,-0.0229768237966
1874,0.000704408178213,-0.0152925198151
1875,0.00203782519255,-0.0161122930164
1876,0.00158297927054,-0.0165732077701
1877,0.00400518812782,-0.0115797669386
1878,0.00479670451794,-0.0130422632858
1879,-0.000222117726891,-0.0143933267422
1880,-0.00712921690775,-0.0292584321178
1881,-0.00642372639651,-0.0289833785055
1882,-0.00277769801747,-0.0208098572914
1883,0.0123683962611,-0.00508041236438
1884,0.01373468795,-0.00497823755142
1885,0.00854175318013,-0.00912231946033
1886,0.000495245220042,-0.0167532818519
1887,-0.00373794610692,-0.0229669565035
1888,-0.00648419909267,-0.0244300535785
1889,-0.00814115704442,-0.0273814196492
1890,-0.0101729012082,-0.0282852519758
1891,-0.0104121995134,-0.030589283247
1892,-0.0103325610163,-0.0309646858774
1893,-0.00887380432421,-0.0323389684684
1894,-0.00897580988642,-0.0332616057381
1895,-0.00892486039685,-0.0300315339923
1896,-0.00865053472379,-0.0273748588746
1897,-0.00903988643184,-0.0282520828645
1898,-0.00926639983876,-0.0258081531722
1899,-0.00852815455256,-0.0241722088623
1900,-0.00787013798749,-0.0215610669025
1901,-0.00703785812167,-0.0227074207417
1902,-0.00507560964268,-0.0148305917748
1903,-0.00776628477205,-0.00468774690586
1904,-0.00664130305906,-0.00377046626872
1905,-0.000797577565048,-0.00403347552874
1906,0.00217837717808,-0.00410061034972
1907,0.00247521818987,-0.00304596508286
1908,0.00333424944642,-0.00176817206166
1909,0.00161301686559,-0.00901102784963
1910,0.0105932699703,-0.00456067800801
1911,0.011452957839,-0.00596260943966
1912,0.0115039715882,-0.00409295798041
1913,0.0163142022682,0.000801411894727
1914,0.0149216356752,-0.00211973281837
1915,0.0180767037996,0.00111727176951
1916,0.0226991310205,0.00442226668828
1917,0.0238336178509,0.00456899382683
1918,0.0228303115117,0.0042870451152
